{
  "hash": "c8ef60ed",
  "configHash": "9e763969",
  "lockfileHash": "07e70ec9",
  "browserHash": "0497f593",
  "optimized": {
    "@angular/core": {
      "src": "../../../../../../node_modules/@angular/core/fesm2022/core.mjs",
      "file": "@angular_core.js",
      "fileHash": "cffd37e0",
      "needsInterop": false
    },
    "@angular/platform-browser": {
      "src": "../../../../../../node_modules/@angular/platform-browser/fesm2022/platform-browser.mjs",
      "file": "@angular_platform-browser.js",
      "fileHash": "d63f54a3",
      "needsInterop": false
    },
    "@angular/router": {
      "src": "../../../../../../node_modules/@angular/router/fesm2022/router.mjs",
      "file": "@angular_router.js",
      "fileHash": "bc74113d",
      "needsInterop": false
    },
    "zone.js": {
      "src": "../../../../../../node_modules/zone.js/fesm2015/zone.js",
      "file": "zone__js.js",
      "fileHash": "7faf9627",
      "needsInterop": true
    }
  },
  "chunks": {
    "chunk-BGE5P5EK": {
      "file": "chunk-BGE5P5EK.js"
    },
    "chunk-FZFDBNJQ": {
      "file": "chunk-FZFDBNJQ.js"
    },
    "chunk-WDMUDEB6": {
      "file": "chunk-WDMUDEB6.js"
    }
  }
}